T,Delta,pO2
1000,0.09626,0.00003
1100,0.13562,0.00003
1200,0.17277,0.00003
1300,0.20294,0.00003
1400,0.23153,0.00003
1500,0.26109,0.00003
