T,Delta,pO2
1000,0.083,0.0000979
1100,0.11998,0.0000979
1200,0.15622,0.0000979
1300,0.18698,0.0000979
1400,0.21549,0.0000979
1500,0.24455,0.0000979
